S_plateau,S_plateau_std,S_max,t_90_s
0.030612599464887594,0.00536623723389681,0.04287211740041929,3.4521
