S_plateau,S_plateau_std,S_max,t_90_s
0.028495680547754684,0.010091934583382714,0.04886731391585761,3.4153000000000002
0.028495680547754684,0.010091934583382714,0.04886731391585761,3.4153000000000002
